{"_id":{"$oid":"5b5c66bbf0eb3852655ae882"},"data":{"QR0_0_0":10.100000381469727,"QR0_0_1":10.300000190734863,"QR0_1_0":9.699999809265137,"QR0_1_1":10.300000190734863,"QR0_2_0":10.100000381469727,"QR0_2_1":10.5,"QR0_3_0":9.600000381469727,"QR0_3_1":10.100000381469727,"QR1_0_0":10.199999809265137,"QR1_0_1":10.399999618530273,"QR1_1_0":9.600000381469727,"QR1_1_1":10.300000190734863,"QR1_2_0":10.300000190734863,"QR1_2_1":10.5,"QR1_3_0":9.5,"QR1_3_1":10.199999809265137,"QR2_0_0":10.300000190734863,"QR2_0_1":10.199999809265137,"QR2_1_0":9.800000190734863,"QR2_1_1":10.100000381469727,"QR2_2_0":10.199999809265137,"QR2_2_1":10.300000190734863,"QR2_3_0":9.600000381469727,"QR2_3_1":10.300000190734863,"QR3_0_0":10.300000190734863,"QR3_0_1":9.600000381469727,"QR3_1_0":10.300000190734863,"QR3_1_1":10.300000190734863,"QR3_2_0":10.300000190734863,"QR3_2_1":9.800000190734863,"QR3_3_0":10.300000190734863,"QR3_3_1":10.100000381469727,"QR4_0_0":8.899999618530273,"QR4_0_1":9.699999809265137,"QR4_1_0":10.300000190734863,"QR4_1_1":10.300000190734863,"QR4_2_0":10.600000381469727,"QR4_2_1":10,"QR4_3_0":10.300000190734863,"QR4_3_1":10.199999809265137,"QR5_0_0":10.300000190734863,"QR5_0_1":9.600000381469727,"QR5_1_0":10.399999618530273,"QR5_1_1":10.300000190734863,"QR5_2_0":10.199999809265137,"QR5_2_1":9.800000190734863,"QR5_3_0":10.300000190734863,"QR5_3_1":10.199999809265137,"innerDiameter0_0":1353.800048828125,"innerDiameter0_1":1353.5,"innerDiameter0_2":1353.5999755859375,"innerDiameter0_3":1353.800048828125,"innerDiameter1_0":1353.800048828125,"innerDiameter1_1":1354.4000244140625,"innerDiameter1_2":1354,"innerDiameter1_3":1353.800048828125,"innerDiameter2_0":1353.5,"innerDiameter2_1":1353.5,"innerDiameter2_2":1353.699951171875,"innerDiameter2_3":1353.699951171875,"innerDiameter3_0":1354.199951171875,"innerDiameter3_1":1354.0999755859375,"innerDiameter3_2":1354.199951171875,"innerDiameter3_3":1354.0999755859375,"innerDiameter4_0":1353.199951171875,"innerDiameter4_1":1353.9000244140625,"innerDiameter4_2":1354.4000244140625,"innerDiameter4_3":1353.699951171875,"innerDiameter5_0":1353.800048828125,"innerDiameter5_1":1353,"innerDiameter5_2":1353.5999755859375,"innerDiameter5_3":1353.4000244140625,"wheelBrimFM0_0_0":0,"wheelBrimFM0_0_1":0,"wheelBrimFM0_1_0":0,"wheelBrimFM0_1_1":0,"wheelBrimFM0_2_0":0,"wheelBrimFM0_2_1":0,"wheelBrimFM0_3_0":0,"wheelBrimFM0_3_1":0,"wheelBrimFM1_0_0":0,"wheelBrimFM1_0_1":0,"wheelBrimFM1_1_0":0,"wheelBrimFM1_1_1":0,"wheelBrimFM1_2_0":0,"wheelBrimFM1_2_1":0,"wheelBrimFM1_3_0":0,"wheelBrimFM1_3_1":0,"wheelBrimFM2_0_0":0,"wheelBrimFM2_0_1":0,"wheelBrimFM2_1_0":0,"wheelBrimFM2_1_1":0,"wheelBrimFM2_2_0":0,"wheelBrimFM2_2_1":0,"wheelBrimFM2_3_0":0,"wheelBrimFM2_3_1":0,"wheelBrimFM3_0_0":0,"wheelBrimFM3_0_1":0,"wheelBrimFM3_1_0":0,"wheelBrimFM3_1_1":0,"wheelBrimFM3_2_0":0,"wheelBrimFM3_2_1":0,"wheelBrimFM3_3_0":0,"wheelBrimFM3_3_1":0,"wheelBrimFM4_0_0":0,"wheelBrimFM4_0_1":0,"wheelBrimFM4_1_0":0,"wheelBrimFM4_1_1":0,"wheelBrimFM4_2_0":0,"wheelBrimFM4_2_1":0,"wheelBrimFM4_3_0":0,"wheelBrimFM4_3_1":0,"wheelBrimFM5_0_0":0,"wheelBrimFM5_0_1":0,"wheelBrimFM5_1_0":0,"wheelBrimFM5_1_1":0,"wheelBrimFM5_2_0":0,"wheelBrimFM5_2_1":0,"wheelBrimFM5_3_0":0,"wheelBrimFM5_3_1":0,"wheelBrimHeight0_0_0":28.299999237060547,"wheelBrimHeight0_0_1":28.399999618530273,"wheelBrimHeight0_1_0":28.200000762939453,"wheelBrimHeight0_1_1":28.5,"wheelBrimHeight0_2_0":28.399999618530273,"wheelBrimHeight0_2_1":28.700000762939453,"wheelBrimHeight0_3_0":28.299999237060547,"wheelBrimHeight0_3_1":28.299999237060547,"wheelBrimHeight1_0_0":28.299999237060547,"wheelBrimHeight1_0_1":28.5,"wheelBrimHeight1_1_0":28.299999237060547,"wheelBrimHeight1_1_1":28.399999618530273,"wheelBrimHeight1_2_0":28.299999237060547,"wheelBrimHeight1_2_1":28.5,"wheelBrimHeight1_3_0":28.399999618530273,"wheelBrimHeight1_3_1":28.399999618530273,"wheelBrimHeight2_0_0":28.299999237060547,"wheelBrimHeight2_0_1":28.399999618530273,"wheelBrimHeight2_1_0":28.299999237060547,"wheelBrimHeight2_1_1":28.399999618530273,"wheelBrimHeight2_2_0":28.399999618530273,"wheelBrimHeight2_2_1":28.399999618530273,"wheelBrimHeight2_3_0":28.399999618530273,"wheelBrimHeight2_3_1":28.200000762939453,"wheelBrimHeight3_0_0":28.600000381469727,"wheelBrimHeight3_0_1":28.299999237060547,"wheelBrimHeight3_1_0":28.299999237060547,"wheelBrimHeight3_1_1":28.399999618530273,"wheelBrimHeight3_2_0":28.399999618530273,"wheelBrimHeight3_2_1":28.399999618530273,"wheelBrimHeight3_3_0":28.399999618530273,"wheelBrimHeight3_3_1":28.399999618530273,"wheelBrimHeight4_0_0":28.899999618530273,"wheelBrimHeight4_0_1":28.399999618530273,"wheelBrimHeight4_1_0":28.299999237060547,"wheelBrimHeight4_1_1":28.399999618530273,"wheelBrimHeight4_2_0":28.799999237060547,"wheelBrimHeight4_2_1":28.299999237060547,"wheelBrimHeight4_3_0":28.5,"wheelBrimHeight4_3_1":28.299999237060547,"wheelBrimHeight5_0_0":28.600000381469727,"wheelBrimHeight5_0_1":28.399999618530273,"wheelBrimHeight5_1_0":28.399999618530273,"wheelBrimHeight5_1_1":28.5,"wheelBrimHeight5_2_0":28.5,"wheelBrimHeight5_2_1":28.299999237060547,"wheelBrimHeight5_3_0":28.5,"wheelBrimHeight5_3_1":28.299999237060547,"wheelBrimThick0_0_0":32,"wheelBrimThick0_0_1":32.70000076293945,"wheelBrimThick0_1_0":31.5,"wheelBrimThick0_1_1":32.599998474121094,"wheelBrimThick0_2_0":32,"wheelBrimThick0_2_1":32.70000076293945,"wheelBrimThick0_3_0":31.399999618530273,"wheelBrimThick0_3_1":32.599998474121094,"wheelBrimThick1_0_0":32.20000076293945,"wheelBrimThick1_0_1":32.70000076293945,"wheelBrimThick1_1_0":31.399999618530273,"wheelBrimThick1_1_1":32.70000076293945,"wheelBrimThick1_2_0":32.099998474121094,"wheelBrimThick1_2_1":32.79999923706055,"wheelBrimThick1_3_0":31.5,"wheelBrimThick1_3_1":32.599998474121094,"wheelBrimThick2_0_0":32,"wheelBrimThick2_0_1":32.599998474121094,"wheelBrimThick2_1_0":31.700000762939453,"wheelBrimThick2_1_1":32.5,"wheelBrimThick2_2_0":32.20000076293945,"wheelBrimThick2_2_1":32.599998474121094,"wheelBrimThick2_3_0":31.600000381469727,"wheelBrimThick2_3_1":32.599998474121094,"wheelBrimThick3_0_0":32.70000076293945,"wheelBrimThick3_0_1":31.600000381469727,"wheelBrimThick3_1_0":32.70000076293945,"wheelBrimThick3_1_1":32.20000076293945,"wheelBrimThick3_2_0":32.599998474121094,"wheelBrimThick3_2_1":31.700000762939453,"wheelBrimThick3_3_0":32.70000076293945,"wheelBrimThick3_3_1":32,"wheelBrimThick4_0_0":32.5,"wheelBrimThick4_0_1":31.600000381469727,"wheelBrimThick4_1_0":32.599998474121094,"wheelBrimThick4_1_1":32.20000076293945,"wheelBrimThick4_2_0":32.70000076293945,"wheelBrimThick4_2_1":31.899999618530273,"wheelBrimThick4_3_0":32.70000076293945,"wheelBrimThick4_3_1":32.099998474121094,"wheelBrimThick5_0_0":32.79999923706055,"wheelBrimThick5_0_1":31.399999618530273,"wheelBrimThick5_1_0":32.79999923706055,"wheelBrimThick5_1_1":32.29999923706055,"wheelBrimThick5_2_0":32.5,"wheelBrimThick5_2_1":31.799999237060547,"wheelBrimThick5_3_0":32.599998474121094,"wheelBrimThick5_3_1":31.899999618530273,"wheelDiameter0_0_0":839.5,"wheelDiameter0_0_1":839.4000244140625,"wheelDiameter0_1_0":839.2999877929688,"wheelDiameter0_1_1":839.2000122070312,"wheelDiameter0_2_0":839.2000122070312,"wheelDiameter0_2_1":839.2000122070312,"wheelDiameter0_3_0":839.4000244140625,"wheelDiameter0_3_1":839.4000244140625,"wheelDiameter1_0_0":838.9000244140625,"wheelDiameter1_0_1":839,"wheelDiameter1_1_0":839.2000122070312,"wheelDiameter1_1_1":839.2999877929688,"wheelDiameter1_2_0":839.5,"wheelDiameter1_2_1":839.5999755859375,"wheelDiameter1_3_0":839,"wheelDiameter1_3_1":839.5,"wheelDiameter2_0_0":839.2999877929688,"wheelDiameter2_0_1":839.5,"wheelDiameter2_1_0":839,"wheelDiameter2_1_1":839.4000244140625,"wheelDiameter2_2_0":839.0999755859375,"wheelDiameter2_2_1":839.2000122070312,"wheelDiameter2_3_0":839.0999755859375,"wheelDiameter2_3_1":839.2000122070312,"wheelDiameter3_0_0":839.5999755859375,"wheelDiameter3_0_1":839.5999755859375,"wheelDiameter3_1_0":839.5,"wheelDiameter3_1_1":839.5,"wheelDiameter3_2_0":839.2999877929688,